ID,employee_ID,code,name
69862597-d35e-45a3-90c1-aef63ab3e3ec,14092516-5e0c-4c6d-b61c-ce64f7ef7cc8,code-6986259,name-6986259
69862609-7d15-4993-9377-d3db8e017043,14092516-5e0c-4c6d-b61c-ce64f7ef7cc8,code-6986260,name-6986260
19978439-da65-41d6-a041-7e1e0f05b02f,14092517-8441-432c-a5c4-7ebc015bb88d,code-19978439,name-19978439
19978440-20a9-441a-85fd-4917e81da34a,14092517-8441-432c-a5c4-7ebc015bb88d,code-19978440,name-19978440
58791793-00d9-4517-bc74-9f0de2c04227,14092518-4e26-4425-9547-0e1d86723b77,code-5879179,name-5879179
58791808-d039-4d44-9836-00c203f853ce,14092518-4e26-4425-9547-0e1d86723b77,code-5879180,name-5879180
67663079-6548-4f1a-9d99-1853f6566bf7,14092519-e271-4a98-bea4-421f92473f5c,code-6766307,name-6766307
6766308e-4bce-43ed-ae44-1b5fedef39e8,14092519-e271-4a98-bea4-421f92473f5c,code-6766308,name-6766308
93583752-0cf8-4f3d-b996-aabf449bdc9e,14092520-5cc0-452c-915d-6fd3dd6b7ebb,code-9358375,name-9358375
93583767-b42d-49df-8bda-e33d62bd39ec,14092520-5cc0-452c-915d-6fd3dd6b7ebb,code-9358376,name-9358376
